{
    "critical_value": 20.090235029663233,
    "daily_cases_statistic": 46.11983754158443,
    "infected_statistic": 82.78051451105205,
    "daily_death_statistic": 164.09893145546283,
    "daily_cases_validation": false,
    "infected_validation": false,
    "daily_death_validation": false
}