{
    "critical_value": 339.2604758306209,
    "infected_statistic": 196.07947539751294,
    "recovered_statistic": 536.4141027199212,
    "infected_validation": true,
    "recovered_validation": false
}