{
    "critical_value": 20.090235029663233,
    "daily_cases_statistic": 87.87262987832236,
    "infected_statistic": 104.3116576000298,
    "daily_death_statistic": 20.97280945152678,
    "daily_cases_validation": false,
    "infected_validation": false,
    "daily_death_validation": false
}