{
    "Infection_corr_index": 0.03109069112504098,
    "Infection_p-value": 0.6360963997310598,
    "Death_corr_index": 0.14601967367664712,
    "Death_p-value": 0.025503093861987708
}