{
    "critical_value": 20.090235029663233,
    "daily_cases_statistic": 25.068960400054053,
    "infected_statistic": 88.35231572920955,
    "daily_death_statistic": 137.45001045833857,
    "daily_cases_validation": false,
    "infected_validation": false,
    "daily_death_validation": false
}