{
    "Infection_corr_index": -0.00463775117037922,
    "Infection_p-value": 0.9425443133478963,
    "Death_corr_index": -0.0036056938887269285,
    "Death_p-value": 0.9553149607914676
}