{
    "Infection_corr_index": 0.02510028602847071,
    "Infection_p-value": 0.6982407090369055,
    "Death_corr_index": -0.02199910256989048,
    "Death_p-value": 0.7340196203515259
}