{
    "critical_value": 20.090235029663233,
    "daily_cases_statistic": 42.91094440539308,
    "infected_statistic": 104.34535106577096,
    "daily_death_statistic": 17.37327147821526,
    "daily_cases_validation": false,
    "infected_validation": true,
    "daily_death_validation": false
}