{
    "critical_value": 339.2604758306209,
    "infected_statistic": 338.91845459291324,
    "recovered_statistic": 9.656150954756404,
    "infected_validation": true,
    "recovered_validation": true
}