{
    "critical_value": 258.83652502482875,
    "infected_statistic": 28635.651751309706,
    "recovered_statistic": 1247.4501605514909,
    "infected_validation": false,
    "recovered_validation": false
}