{
    "critical_value": 20.090235029663233,
    "daily_cases_statistic": 76.13471227586354,
    "infected_statistic": 117.72087923428184,
    "daily_death_statistic": 113.7633815922726,
    "daily_cases_validation": false,
    "infected_validation": false,
    "daily_death_validation": false
}