{
    "critical_value": 20.090235029663233,
    "daily_cases_statistic": 35.00454471160484,
    "infected_statistic": 72.28066390071464,
    "daily_death_statistic": 150.63489335801216,
    "daily_cases_validation": false,
    "infected_validation": false,
    "daily_death_validation": false
}