{
    "critical_value": 20.090235029663233,
    "daily_cases_statistic": 43.16238873758027,
    "infected_statistic": 18.538297342042124,
    "daily_death_statistic": 147.65421814402328,
    "daily_cases_validation": true,
    "infected_validation": false,
    "daily_death_validation": false
}