{
    "critical_value": 20.090235029663233,
    "daily_cases_statistic": 46.38821672261588,
    "infected_statistic": 79.38897159973635,
    "daily_death_statistic": 17.18048970558789,
    "daily_cases_validation": false,
    "infected_validation": true,
    "daily_death_validation": false
}