{
    "critical_value": 20.090235029663233,
    "daily_cases_statistic": 40.39206881745422,
    "infected_statistic": 98.07403584990284,
    "daily_death_statistic": 19.67390976381844,
    "daily_cases_validation": false,
    "infected_validation": true,
    "daily_death_validation": false
}