{
    "critical_value": 20.090235029663233,
    "daily_cases_statistic": 23.290401725657823,
    "infected_statistic": 109.2630105804209,
    "daily_death_statistic": 17.94273355480809,
    "daily_cases_validation": false,
    "infected_validation": true,
    "daily_death_validation": false
}