{
    "critical_value": 20.090235029663233,
    "daily_cases_statistic": 206.18248454339607,
    "infected_statistic": 119.90128092350051,
    "daily_death_statistic": 114.71882921446189,
    "daily_cases_validation": false,
    "infected_validation": false,
    "daily_death_validation": false
}