{
    "critical_value": 296.4659101541689,
    "infected_statistic": 317.5001949143111,
    "recovered_statistic": 1852.2227802567436,
    "infected_validation": false,
    "recovered_validation": false
}