{
    "critical_value": 20.090235029663233,
    "daily_cases_statistic": 31.732629646770327,
    "infected_statistic": 57.686491117868265,
    "daily_death_statistic": 134.33372849143916,
    "daily_cases_validation": false,
    "infected_validation": false,
    "daily_death_validation": false
}