{
    "critical_value": 20.090235029663233,
    "daily_cases_statistic": 194.36844261144432,
    "infected_statistic": 56.62064690251705,
    "daily_death_statistic": 129.21901821207214,
    "daily_cases_validation": false,
    "infected_validation": false,
    "daily_death_validation": false
}