{
    "critical_value": 20.090235029663233,
    "daily_cases_statistic": 31.48372378381994,
    "infected_statistic": 55.05948519899117,
    "daily_death_statistic": 26.821002659799042,
    "daily_cases_validation": false,
    "infected_validation": false,
    "daily_death_validation": false
}