{
    "critical_value": 20.090235029663233,
    "daily_cases_statistic": 86.43294401959557,
    "infected_statistic": 166.09678269752877,
    "daily_death_statistic": 98.92029906777019,
    "daily_cases_validation": false,
    "infected_validation": false,
    "daily_death_validation": false
}