{
    "critical_value": 20.090235029663233,
    "daily_cases_statistic": 169.03401641788332,
    "infected_statistic": 22.967090732145106,
    "daily_death_statistic": 115.09107313828282,
    "daily_cases_validation": false,
    "infected_validation": false,
    "daily_death_validation": false
}