{
    "Infection_corr_index": 0.01004285448927188,
    "Infection_p-value": 0.8759756561264568,
    "Death_corr_index": -0.03107882073994581,
    "Death_p-value": 0.629031466301252
}