{
    "critical_value": 231.82916671052752,
    "infected_statistic": 295.9498695704131,
    "recovered_statistic": 11.440400585157967,
    "infected_validation": false,
    "recovered_validation": true
}