{
    "critical_value": 339.2604758306209,
    "infected_statistic": 2885.728453925724,
    "recovered_statistic": 354.8150848762939,
    "infected_validation": false,
    "recovered_validation": false
}