{
    "critical_value": 20.090235029663233,
    "daily_cases_statistic": 19.73042134883943,
    "infected_statistic": 41.46165738686169,
    "daily_death_statistic": 96.41296660922134,
    "daily_cases_validation": false,
    "infected_validation": false,
    "daily_death_validation": true
}