{
    "critical_value": 166.41529894906412,
    "infected_statistic": 125.07728849022772,
    "recovered_statistic": 1.7988363967801861,
    "infected_validation": true,
    "recovered_validation": true
}