{
    "Infection_corr_index": 0.03225032792890886,
    "Infection_p-value": 0.6139705619820086,
    "Death_corr_index": 0.0038545436015970033,
    "Death_p-value": 0.9519391282395886
}