{
    "Infection_corr_index": 0.02453304226889667,
    "Infection_p-value": 0.7047382437194731,
    "Death_corr_index": -0.02355495720408734,
    "Death_p-value": 0.7159919924044973
}