{
    "critical_value": 20.090235029663233,
    "daily_cases_statistic": 126.27873003059399,
    "infected_statistic": 244.2838789599828,
    "daily_death_statistic": 127.11513402684585,
    "daily_cases_validation": false,
    "infected_validation": false,
    "daily_death_validation": false
}