{
    "critical_value": 20.090235029663233,
    "daily_cases_statistic": 28.947083353230862,
    "infected_statistic": 87.95689143419128,
    "daily_death_statistic": 101.40209231532273,
    "daily_cases_validation": false,
    "infected_validation": false,
    "daily_death_validation": false
}