{
    "critical_value": 20.090235029663233,
    "daily_cases_statistic": 46.32965631873621,
    "infected_statistic": 188.12677076758183,
    "daily_death_statistic": 23.235851231952083,
    "daily_cases_validation": false,
    "infected_validation": false,
    "daily_death_validation": false
}