{
    "Infection_corr_index": 0.004844920442980019,
    "Infection_p-value": 0.9399824694070126,
    "Death_corr_index": -0.02787419962061791,
    "Death_p-value": 0.6648278807684322
}