{
    "critical_value": 20.090235029663233,
    "daily_cases_statistic": 30.588469472929766,
    "infected_statistic": 53.20469076580249,
    "daily_death_statistic": 135.21064887916216,
    "daily_cases_validation": false,
    "infected_validation": false,
    "daily_death_validation": false
}