{
    "critical_value": 20.090235029663233,
    "daily_cases_statistic": 17.625542985204206,
    "infected_statistic": 31.244181452783437,
    "daily_death_statistic": 37.65306001699263,
    "daily_cases_validation": false,
    "infected_validation": false,
    "daily_death_validation": true
}