{
    "critical_value": 20.090235029663233,
    "daily_cases_statistic": 22.64885795862107,
    "infected_statistic": 21.8452883858794,
    "daily_death_statistic": 46.63147463275992,
    "daily_cases_validation": false,
    "infected_validation": false,
    "daily_death_validation": false
}