{
    "critical_value": 20.090235029663233,
    "daily_cases_statistic": 28.853623447402327,
    "infected_statistic": 112.37658828833703,
    "daily_death_statistic": 109.20016730067107,
    "daily_cases_validation": false,
    "infected_validation": false,
    "daily_death_validation": false
}