{
    "critical_value": 20.090235029663233,
    "daily_cases_statistic": 26.08441968568089,
    "infected_statistic": 19.43322010645044,
    "daily_death_statistic": 163.06501717534442,
    "daily_cases_validation": true,
    "infected_validation": false,
    "daily_death_validation": false
}