{
    "Infection_corr_index": 0.00794032981792967,
    "Infection_p-value": 0.9032194208964552,
    "Death_corr_index": 0.034909155369844166,
    "Death_p-value": 0.5928287942309209
}