{
    "critical_value": 166.41529894906412,
    "infected_statistic": 43.414358958166034,
    "recovered_statistic": 3.6966714109458505,
    "infected_validation": true,
    "recovered_validation": true
}