{
    "critical_value": 20.090235029663233,
    "daily_cases_statistic": 70.3759726288546,
    "infected_statistic": 145.70709962821098,
    "daily_death_statistic": 154.32206247844815,
    "daily_cases_validation": false,
    "infected_validation": false,
    "daily_death_validation": false
}