{
    "Infection_corr_index": -0.010519649019640575,
    "Infection_p-value": 0.8720176649777162,
    "Death_corr_index": -0.0051530230751681925,
    "Death_p-value": 0.9371035089734521
}