{
    "critical_value": 339.2604758306209,
    "infected_statistic": 391.8323841597845,
    "recovered_statistic": 50.772706772016434,
    "infected_validation": false,
    "recovered_validation": true
}