{
    "Infection_corr_index": 0.05118034125680067,
    "Infection_p-value": 0.4289905707945063,
    "Death_corr_index": 0.026125320707026167,
    "Death_p-value": 0.6865552097557698
}