{
    "critical_value": 20.090235029663233,
    "daily_cases_statistic": 26.752855898487034,
    "infected_statistic": 86.28058435844372,
    "daily_death_statistic": 124.13818513002221,
    "daily_cases_validation": false,
    "infected_validation": false,
    "daily_death_validation": false
}