{
    "Infection_corr_index": -0.016671216581374597,
    "Infection_p-value": 0.7955631005513426,
    "Death_corr_index": -0.02161516599914427,
    "Death_p-value": 0.7369122363657694
}