{
    "Infection_corr_index": -0.008830429358354179,
    "Infection_p-value": 0.8908489338175379,
    "Death_corr_index": 0.07859637391606145,
    "Death_p-value": 0.22121509501779865
}