{
    "critical_value": 20.090235029663233,
    "daily_cases_statistic": 112.44237062133364,
    "infected_statistic": 45.03062163143669,
    "daily_death_statistic": 250.31944799386662,
    "daily_cases_validation": false,
    "infected_validation": false,
    "daily_death_validation": false
}