{
    "Infection_corr_index": 0.09914298415551887,
    "Infection_p-value": 0.1313159086294082,
    "Death_corr_index": 0.042964848774398344,
    "Death_p-value": 0.5140114285692425
}