{
    "Infection_corr_index": 0.03077318768581271,
    "Infection_p-value": 0.633115680344688,
    "Death_corr_index": 0.04055925730728349,
    "Death_p-value": 0.5291820107153797
}