{
    "critical_value": 20.090235029663233,
    "daily_cases_statistic": 44.345521547270046,
    "infected_statistic": 45.98897191483672,
    "daily_death_statistic": 21.503230805492887,
    "daily_cases_validation": false,
    "infected_validation": false,
    "daily_death_validation": false
}