{
    "critical_value": 20.090235029663233,
    "daily_cases_statistic": 13.257410050765262,
    "infected_statistic": 34.307625865985024,
    "daily_death_statistic": 214.92234691892696,
    "daily_cases_validation": false,
    "infected_validation": false,
    "daily_death_validation": true
}