{
    "Infection_corr_index": 0.008058801319473091,
    "Infection_p-value": 0.900540524806869,
    "Death_corr_index": 0.07312473480642116,
    "Death_p-value": 0.256147003943154
}