{
    "Infection_corr_index": -0.04588450441519062,
    "Infection_p-value": 0.4755770928187303,
    "Death_corr_index": 0.005744800223947081,
    "Death_p-value": 0.9288621056798777
}