{
    "critical_value": 20.090235029663233,
    "daily_cases_statistic": 70.88026893949908,
    "infected_statistic": 27.175888045407646,
    "daily_death_statistic": 207.93717968078434,
    "daily_cases_validation": false,
    "infected_validation": false,
    "daily_death_validation": false
}