{
    "critical_value": 20.090235029663233,
    "daily_cases_statistic": 203.2224149102231,
    "infected_statistic": 148.13644378171452,
    "daily_death_statistic": 72.27604515035155,
    "daily_cases_validation": false,
    "infected_validation": false,
    "daily_death_validation": false
}