{
    "Infection_corr_index": -0.0020670306068869327,
    "Infection_p-value": 0.9744276246869938,
    "Death_corr_index": -0.00953793113679516,
    "Death_p-value": 0.8824072010839283
}