{
    "critical_value": 231.82916671052752,
    "infected_statistic": 402.6992554605029,
    "recovered_statistic": 2712.615389092998,
    "infected_validation": false,
    "recovered_validation": false
}