{
    "Infection_corr_index": -0.0012032394420554645,
    "Infection_p-value": 0.985081470960459,
    "Death_corr_index": 0.05198346124918794,
    "Death_p-value": 0.41886918966870945
}