{
    "critical_value": 20.090235029663233,
    "daily_cases_statistic": 170.5767610313111,
    "infected_statistic": 249.37244372010622,
    "daily_death_statistic": 104.75013988799697,
    "daily_cases_validation": false,
    "infected_validation": false,
    "daily_death_validation": false
}