{
    "critical_value": 20.090235029663233,
    "daily_cases_statistic": 29.70494232436794,
    "infected_statistic": 120.82851336322068,
    "daily_death_statistic": 160.05378865320725,
    "daily_cases_validation": false,
    "infected_validation": false,
    "daily_death_validation": false
}