{
    "critical_value": 20.090235029663233,
    "daily_cases_statistic": 88.07996677737893,
    "infected_statistic": 134.9813279361603,
    "daily_death_statistic": 155.17437176253983,
    "daily_cases_validation": false,
    "infected_validation": false,
    "daily_death_validation": false
}