{
    "critical_value": 285.73393991823343,
    "infected_statistic": 147.9335612138807,
    "recovered_statistic": 20.283646738182988,
    "infected_validation": true,
    "recovered_validation": true
}