{
    "Infection_corr_index": -0.02565483837933818,
    "Infection_p-value": 0.6962361464937753,
    "Death_corr_index": -0.01627997235995295,
    "Death_p-value": 0.8043522101930816
}