{
    "Infection_corr_index": -0.022220230950428525,
    "Infection_p-value": 0.7282233623502923,
    "Death_corr_index": -0.013084369738519274,
    "Death_p-value": 0.8378825719598177
}