{
    "Infection_corr_index": 0.04056996782598557,
    "Infection_p-value": 0.5282179384018075,
    "Death_corr_index": -0.032537796127962614,
    "Death_p-value": 0.6130106482591231
}