{
    "Infection_corr_index": -0.03429665662801806,
    "Infection_p-value": 0.5849135034164936,
    "Death_corr_index": -0.05791808020796946,
    "Death_p-value": 0.35604408438344337
}