{
    "critical_value": 20.090235029663233,
    "daily_cases_statistic": 25.167650120484822,
    "infected_statistic": 153.69788203607408,
    "daily_death_statistic": 197.72931547594098,
    "daily_cases_validation": false,
    "infected_validation": false,
    "daily_death_validation": false
}