{
    "critical_value": 177.38974998654876,
    "infected_statistic": 81.41120628091988,
    "recovered_statistic": 0.769079198992706,
    "infected_validation": true,
    "recovered_validation": true
}