{
    "Infection_corr_index": 0.047954899562745845,
    "Infection_p-value": 0.456805924724379,
    "Death_corr_index": -0.008714477708891511,
    "Death_p-value": 0.892495352262922
}