{
    "Infection_corr_index": -0.06002071520450394,
    "Infection_p-value": 0.35052001093143703,
    "Death_corr_index": -0.05348766623412627,
    "Death_p-value": 0.40551658248964695
}