{
    "critical_value": 20.090235029663233,
    "daily_cases_statistic": 167.50268800227016,
    "infected_statistic": 103.08851017412579,
    "daily_death_statistic": 65.60308619165383,
    "daily_cases_validation": false,
    "infected_validation": false,
    "daily_death_validation": false
}