{
    "Infection_corr_index": 0.025637166757596228,
    "Infection_p-value": 0.6908892401906752,
    "Death_corr_index": 0.002290979153125207,
    "Death_p-value": 0.9716581354251186
}