{
    "Infection_corr_index": 0.011979410319974381,
    "Infection_p-value": 0.852009394514494,
    "Death_corr_index": 0.012829213268207256,
    "Death_p-value": 0.8416446468242995
}