{
    "critical_value": 20.090235029663233,
    "daily_cases_statistic": 16.810086305367747,
    "infected_statistic": 47.60665207912134,
    "daily_death_statistic": 134.60608064337924,
    "daily_cases_validation": false,
    "infected_validation": false,
    "daily_death_validation": true
}