{
    "Infection_corr_index": 0.09933100038611796,
    "Infection_p-value": 0.12330688496616403,
    "Death_corr_index": 0.01192147859735178,
    "Death_p-value": 0.8536204200554419
}