{
    "critical_value": 20.090235029663233,
    "daily_cases_statistic": 16.921435529750546,
    "infected_statistic": 50.88663932115256,
    "daily_death_statistic": 66.4776858597505,
    "daily_cases_validation": false,
    "infected_validation": false,
    "daily_death_validation": true
}