{
    "Infection_corr_index": 0.007596056750209617,
    "Infection_p-value": 0.9062245848875132,
    "Death_corr_index": -0.007706119531987645,
    "Death_p-value": 0.9048721999042901
}