{
    "critical_value": 20.090235029663233,
    "daily_cases_statistic": 79.87826142237273,
    "infected_statistic": 193.41304577547066,
    "daily_death_statistic": 135.9145707653015,
    "daily_cases_validation": false,
    "infected_validation": false,
    "daily_death_validation": false
}