{
    "Infection_corr_index": -0.013327772382034345,
    "Infection_p-value": 0.8382732340064218,
    "Death_corr_index": -0.008993273571692134,
    "Death_p-value": 0.8904613382369562
}