{
    "critical_value": 20.090235029663233,
    "daily_cases_statistic": 103.21227061386716,
    "infected_statistic": 129.988125664255,
    "daily_death_statistic": 132.10342141947865,
    "daily_cases_validation": false,
    "infected_validation": false,
    "daily_death_validation": false
}