{
    "critical_value": 20.090235029663233,
    "daily_cases_statistic": 544.5205794481203,
    "infected_statistic": 117.93238200015213,
    "daily_death_statistic": 102.58059563190051,
    "daily_cases_validation": false,
    "infected_validation": false,
    "daily_death_validation": false
}