{
    "critical_value": 20.090235029663233,
    "daily_cases_statistic": 427.2652110865012,
    "infected_statistic": 204.38123863777807,
    "daily_death_statistic": 89.2626632294341,
    "daily_cases_validation": false,
    "infected_validation": false,
    "daily_death_validation": false
}