{
    "critical_value": 20.090235029663233,
    "daily_cases_statistic": 11.48711533868988,
    "infected_statistic": 31.466510452873408,
    "daily_death_statistic": 165.4599886434111,
    "daily_cases_validation": false,
    "infected_validation": false,
    "daily_death_validation": true
}