{
    "Infection_corr_index": -0.007068504359090159,
    "Infection_p-value": 0.9132544820644353,
    "Death_corr_index": 0.002433072191014606,
    "Death_p-value": 0.9700893239169119
}