{
    "critical_value": 20.090235029663233,
    "daily_cases_statistic": 70.63763110700519,
    "infected_statistic": 147.59461345791865,
    "daily_death_statistic": 56.80576235200778,
    "daily_cases_validation": false,
    "infected_validation": false,
    "daily_death_validation": false
}