{
    "Infection_corr_index": 0.008385817286035826,
    "Infection_p-value": 0.8978184097120309,
    "Death_corr_index": 0.07334852569425179,
    "Death_p-value": 0.2607027236540384
}