{
    "critical_value": 20.090235029663233,
    "daily_cases_statistic": 88.65632485710194,
    "infected_statistic": 214.4613759848803,
    "daily_death_statistic": 20.488445071119084,
    "daily_cases_validation": false,
    "infected_validation": false,
    "daily_death_validation": false
}