{
    "critical_value": 20.090235029663233,
    "daily_cases_statistic": 105.39343967263028,
    "infected_statistic": 89.04526003803281,
    "daily_death_statistic": 87.33047544834766,
    "daily_cases_validation": false,
    "infected_validation": false,
    "daily_death_validation": false
}