{
    "Infection_corr_index": -0.005786329956662092,
    "Infection_p-value": 0.9283492138398013,
    "Death_corr_index": 0.038899027056161155,
    "Death_p-value": 0.5453577593096086
}