{
    "Infection_corr_index": 0.024304182042923405,
    "Infection_p-value": 0.7091277995489154,
    "Death_corr_index": -0.018729103378412954,
    "Death_p-value": 0.77377349539858
}