{
    "Infection_corr_index": 0.030659260015718875,
    "Infection_p-value": 0.6336713711061861,
    "Death_corr_index": 0.02402084667258507,
    "Death_p-value": 0.7088918878314763
}