{
    "critical_value": 20.090235029663233,
    "daily_cases_statistic": 28.725731779067942,
    "infected_statistic": 38.75777061647594,
    "daily_death_statistic": 149.0910554902463,
    "daily_cases_validation": false,
    "infected_validation": false,
    "daily_death_validation": false
}