{
    "critical_value": 20.090235029663233,
    "daily_cases_statistic": 15.596368850629446,
    "infected_statistic": 35.64886630514812,
    "daily_death_statistic": 190.55562123459654,
    "daily_cases_validation": false,
    "infected_validation": false,
    "daily_death_validation": true
}