{
    "critical_value": 20.090235029663233,
    "daily_cases_statistic": 53.31607285319637,
    "infected_statistic": 153.91043814943245,
    "daily_death_statistic": 124.02504873271484,
    "daily_cases_validation": false,
    "infected_validation": false,
    "daily_death_validation": false
}