{
    "Infection_corr_index": 0.02573137634367436,
    "Infection_p-value": 0.6947507166762055,
    "Death_corr_index": -0.05425074233828745,
    "Death_p-value": 0.40777049627560424
}