{
    "Infection_corr_index": 0.042214610494682246,
    "Infection_p-value": 0.5213937581189138,
    "Death_corr_index": 0.03596272050851685,
    "Death_p-value": 0.5849480324445335
}