{
    "Infection_corr_index": 0.03308939585524887,
    "Infection_p-value": 0.6153095682327192,
    "Death_corr_index": 0.08478141132707724,
    "Death_p-value": 0.19722605279621436
}