{
    "critical_value": 20.090235029663233,
    "daily_cases_statistic": 30.302580782196998,
    "infected_statistic": 33.327809462123,
    "daily_death_statistic": 59.34775458537726,
    "daily_cases_validation": false,
    "infected_validation": false,
    "daily_death_validation": false
}