{
    "Infection_corr_index": 0.018381851292237954,
    "Infection_p-value": 0.7783172493613093,
    "Death_corr_index": -0.007262170817410101,
    "Death_p-value": 0.9114497682463394
}