{
    "Infection_corr_index": -0.02359952856137842,
    "Infection_p-value": 0.7137722796215463,
    "Death_corr_index": 0.0,
    "Death_p-value": 1.0
}