{
    "critical_value": 166.41529894906412,
    "infected_statistic": 31.22504679370667,
    "recovered_statistic": 13.994068974168899,
    "infected_validation": true,
    "recovered_validation": true
}