{
    "Infection_corr_index": 0.07850189148129713,
    "Infection_p-value": 0.221772542860048,
    "Death_corr_index": 0.016272174562338343,
    "Death_p-value": 0.8003524375140161
}