{
    "critical_value": 20.090235029663233,
    "daily_cases_statistic": 31.20758577987226,
    "infected_statistic": 31.59777184973182,
    "daily_death_statistic": 155.8097907793403,
    "daily_cases_validation": false,
    "infected_validation": false,
    "daily_death_validation": false
}