{
    "critical_value": 20.090235029663233,
    "daily_cases_statistic": 18.688510652707215,
    "infected_statistic": 39.38845446618754,
    "daily_death_statistic": 156.9699574587878,
    "daily_cases_validation": false,
    "infected_validation": false,
    "daily_death_validation": true
}