{
    "Infection_corr_index": 0.019489043132029146,
    "Infection_p-value": 0.76485780383519,
    "Death_corr_index": 0.05086345164934013,
    "Death_p-value": 0.43476861411038137
}