{
    "critical_value": 20.090235029663233,
    "daily_cases_statistic": 29.681605906638683,
    "infected_statistic": 127.70404514609456,
    "daily_death_statistic": 101.70039912957508,
    "daily_cases_validation": false,
    "infected_validation": false,
    "daily_death_validation": false
}