{
    "Infection_corr_index": -0.031183573827555263,
    "Infection_p-value": 0.6329042848602171,
    "Death_corr_index": -0.011614138325042846,
    "Death_p-value": 0.8588344451070774
}