{
    "Infection_corr_index": 0.008561267728108722,
    "Infection_p-value": 0.8945928301690997,
    "Death_corr_index": -0.016968741786273462,
    "Death_p-value": 0.7928405217799983
}