{
    "critical_value": 20.090235029663233,
    "daily_cases_statistic": 32.61721636079787,
    "infected_statistic": 74.30458230776426,
    "daily_death_statistic": 84.17912720670367,
    "daily_cases_validation": false,
    "infected_validation": false,
    "daily_death_validation": false
}