{
    "Infection_corr_index": 0.026986347231551414,
    "Infection_p-value": 0.6748858354193138,
    "Death_corr_index": -0.004929363662042258,
    "Death_p-value": 0.9389384246938425
}