{
    "critical_value": 20.090235029663233,
    "daily_cases_statistic": 23.123721087409685,
    "infected_statistic": 90.24842170570531,
    "daily_death_statistic": 268.4273203277494,
    "daily_cases_validation": false,
    "infected_validation": false,
    "daily_death_validation": false
}