{
    "Infection_corr_index": -0.0017309722556083525,
    "Infection_p-value": 0.9785396325701234,
    "Death_corr_index": 0.03505738097735403,
    "Death_p-value": 0.585774617477888
}