{
    "critical_value": 20.090235029663233,
    "daily_cases_statistic": 44.564199935860515,
    "infected_statistic": 100.94579215684763,
    "daily_death_statistic": 22.065722671724004,
    "daily_cases_validation": false,
    "infected_validation": false,
    "daily_death_validation": false
}