{
    "critical_value": 20.090235029663233,
    "daily_cases_statistic": 196.86618148350863,
    "infected_statistic": 155.07877076314765,
    "daily_death_statistic": 99.84183313440431,
    "daily_cases_validation": false,
    "infected_validation": false,
    "daily_death_validation": false
}