{
    "Infection_corr_index": 0.022319468213127636,
    "Infection_p-value": 0.7286708317684154,
    "Death_corr_index": 0.0,
    "Death_p-value": 1.0
}