{
    "Infection_corr_index": 0.058615927581041526,
    "Infection_p-value": 0.36898168093445094,
    "Death_corr_index": 0.01743647470961651,
    "Death_p-value": 0.7894443721953257
}