{
    "critical_value": 20.090235029663233,
    "daily_cases_statistic": 146.2029329474629,
    "infected_statistic": 138.63886459121983,
    "daily_death_statistic": 111.71929645079385,
    "daily_cases_validation": false,
    "infected_validation": false,
    "daily_death_validation": false
}