{
    "Infection_corr_index": -0.039343659796762645,
    "Infection_p-value": 0.550135906086289,
    "Death_corr_index": 0.08104785559012223,
    "Death_p-value": 0.21775602236775665
}