{
    "critical_value": 166.41529894906412,
    "infected_statistic": 34.17079634011163,
    "recovered_statistic": 36.154610456835925,
    "infected_validation": true,
    "recovered_validation": true
}