{
    "Infection_corr_index": -0.029807755970346406,
    "Infection_p-value": 0.6445105379469751,
    "Death_corr_index": 0.03393421948149265,
    "Death_p-value": 0.5993672379479064
}