{
    "critical_value": 285.73393991823343,
    "infected_statistic": 2015.1516613949789,
    "recovered_statistic": 38.26978696147362,
    "infected_validation": false,
    "recovered_validation": true
}