{
    "Infection_corr_index": 0.05731518841550321,
    "Infection_p-value": 0.37568573645803904,
    "Death_corr_index": 0.016421437026273408,
    "Death_p-value": 0.7997884122320232
}