{
    "critical_value": 20.090235029663233,
    "daily_cases_statistic": 10.146004931130623,
    "infected_statistic": 54.81600782021164,
    "daily_death_statistic": 21.11199795096388,
    "daily_cases_validation": false,
    "infected_validation": false,
    "daily_death_validation": true
}