{
    "Infection_corr_index": -0.04138317877336024,
    "Infection_p-value": 0.5208415411380398,
    "Death_corr_index": 0.008170584889563468,
    "Death_p-value": 0.8991681950626154
}