{
    "critical_value": 20.090235029663233,
    "daily_cases_statistic": 22.634683555163456,
    "infected_statistic": 105.51343581876844,
    "daily_death_statistic": 55.06520186019214,
    "daily_cases_validation": false,
    "infected_validation": false,
    "daily_death_validation": false
}