{
    "Infection_corr_index": 0.024697455221846486,
    "Infection_p-value": 0.7016689479761733,
    "Death_corr_index": 0.014225073011119051,
    "Death_p-value": 0.8253924357670643
}