{
    "Infection_corr_index": -0.055009155583779085,
    "Infection_p-value": 0.3922710573538205,
    "Death_corr_index": 0.003775174299883592,
    "Death_p-value": 0.9532169452569452
}