{
    "Infection_corr_index": -0.01993956204324595,
    "Infection_p-value": 0.7585996694050654,
    "Death_corr_index": 0.0,
    "Death_p-value": 1.0
}