{
    "Infection_corr_index": 0.0768251104334557,
    "Infection_p-value": 0.23183233964487704,
    "Death_corr_index": 0.007136793402435717,
    "Death_p-value": 0.9116883263302487
}