{
    "critical_value": 20.090235029663233,
    "daily_cases_statistic": 41.87429169048141,
    "infected_statistic": 17.138332318771443,
    "daily_death_statistic": 74.46063805764621,
    "daily_cases_validation": true,
    "infected_validation": false,
    "daily_death_validation": false
}