{
    "Infection_corr_index": -0.02316873269751804,
    "Infection_p-value": 0.7204529550103793,
    "Death_corr_index": -0.037880270071064405,
    "Death_p-value": 0.5584047655731637
}