{
    "Infection_corr_index": -0.03167930175366139,
    "Infection_p-value": 0.6275061346258213,
    "Death_corr_index": 0.003851022480919624,
    "Death_p-value": 0.9529740071791357
}