{
    "Infection_corr_index": 0.09287599573438515,
    "Infection_p-value": 0.14805163425071152,
    "Death_corr_index": 0.05465922373121481,
    "Death_p-value": 0.39529411601161746
}