{
    "critical_value": 20.090235029663233,
    "daily_cases_statistic": 17.957810676055775,
    "infected_statistic": 69.49553296869266,
    "daily_death_statistic": 111.66447584577564,
    "daily_cases_validation": false,
    "infected_validation": false,
    "daily_death_validation": true
}