{
    "Infection_corr_index": 0.020991091297520952,
    "Infection_p-value": 0.7478461944590835,
    "Death_corr_index": -0.06592176737157229,
    "Death_p-value": 0.31221424854325197
}