{
    "Infection_corr_index": 0.03340759638208501,
    "Infection_p-value": 0.6042961716132368,
    "Death_corr_index": -0.0005552669806465654,
    "Death_p-value": 0.9931294012510558
}