{
    "Infection_corr_index": 0.029849633171434915,
    "Infection_p-value": 0.643354566113608,
    "Death_corr_index": 0.011702176073296721,
    "Death_p-value": 0.8559873072561668
}