{
    "critical_value": 20.090235029663233,
    "daily_cases_statistic": 41.4448020278577,
    "infected_statistic": 158.19202277067313,
    "daily_death_statistic": 129.14521250680838,
    "daily_cases_validation": false,
    "infected_validation": false,
    "daily_death_validation": false
}