{
    "critical_value": 20.090235029663233,
    "daily_cases_statistic": 84.36682870249581,
    "infected_statistic": 195.6822778834973,
    "daily_death_statistic": 215.33520368008857,
    "daily_cases_validation": false,
    "infected_validation": false,
    "daily_death_validation": false
}