{
    "critical_value": 20.090235029663233,
    "daily_cases_statistic": 19.743628533798965,
    "infected_statistic": 213.38715352457638,
    "daily_death_statistic": 145.46257748698457,
    "daily_cases_validation": false,
    "infected_validation": false,
    "daily_death_validation": true
}