{
    "Infection_corr_index": 0.15894431995132094,
    "Infection_p-value": 0.015379523666905651,
    "Death_corr_index": 0.08314250064405451,
    "Death_p-value": 0.2070443979394114
}