{
    "critical_value": 20.090235029663233,
    "daily_cases_statistic": 153.12446111576173,
    "infected_statistic": 86.44328339057236,
    "daily_death_statistic": 246.4068605812792,
    "daily_cases_validation": false,
    "infected_validation": false,
    "daily_death_validation": false
}