{
    "critical_value": 20.090235029663233,
    "daily_cases_statistic": 193.3242000688404,
    "infected_statistic": 22.7791880923753,
    "daily_death_statistic": 102.80278872951138,
    "daily_cases_validation": false,
    "infected_validation": false,
    "daily_death_validation": false
}