{
    "Infection_corr_index": 0.05973638102161572,
    "Infection_p-value": 0.36715422784524776,
    "Death_corr_index": 0.002094046639248224,
    "Death_p-value": 0.9748031698148008
}