{
    "Infection_corr_index": -0.010258975588083268,
    "Infection_p-value": 0.8735891479345207,
    "Death_corr_index": -0.023715134659817592,
    "Death_p-value": 0.7130015419054638
}