{
    "critical_value": 20.090235029663233,
    "daily_cases_statistic": 77.56928100404276,
    "infected_statistic": 30.07366949535529,
    "daily_death_statistic": 140.45605703138565,
    "daily_cases_validation": false,
    "infected_validation": false,
    "daily_death_validation": false
}