{
    "Infection_corr_index": -0.013122654389522852,
    "Infection_p-value": 0.838401482332584,
    "Death_corr_index": 0.0008989415642689934,
    "Death_p-value": 0.9888540646966433
}