{
    "critical_value": 258.83652502482875,
    "infected_statistic": 12847.690986016782,
    "recovered_statistic": 20.940419247035088,
    "infected_validation": false,
    "recovered_validation": true
}