{
    "critical_value": 20.090235029663233,
    "daily_cases_statistic": 14.905657306316693,
    "infected_statistic": 79.61665580411713,
    "daily_death_statistic": 15.662695122683969,
    "daily_cases_validation": false,
    "infected_validation": true,
    "daily_death_validation": true
}