{
    "Infection_corr_index": -0.0007613248014858473,
    "Infection_p-value": 0.9905602823691546,
    "Death_corr_index": 0.009395287282272409,
    "Death_p-value": 0.8839145335570524
}