{
    "Infection_corr_index": 0.00472962047815002,
    "Infection_p-value": 0.9428798719198147,
    "Death_corr_index": 0.024205258096617867,
    "Death_p-value": 0.713808589236872
}