{
    "critical_value": 20.090235029663233,
    "daily_cases_statistic": 80.94320999548762,
    "infected_statistic": 109.81973866606369,
    "daily_death_statistic": 177.62181121131496,
    "daily_cases_validation": false,
    "infected_validation": false,
    "daily_death_validation": false
}