{
    "critical_value": 20.090235029663233,
    "daily_cases_statistic": 27.64627868108247,
    "infected_statistic": 55.07554080237575,
    "daily_death_statistic": 69.06022700704347,
    "daily_cases_validation": false,
    "infected_validation": false,
    "daily_death_validation": false
}