{
    "critical_value": 20.090235029663233,
    "daily_cases_statistic": 20.839215030792086,
    "infected_statistic": 109.87310740956212,
    "daily_death_statistic": 90.0788750570685,
    "daily_cases_validation": false,
    "infected_validation": false,
    "daily_death_validation": false
}