{
    "critical_value": 20.090235029663233,
    "daily_cases_statistic": 89.14119382438507,
    "infected_statistic": 154.27070417589144,
    "daily_death_statistic": 34.858084444190425,
    "daily_cases_validation": false,
    "infected_validation": false,
    "daily_death_validation": false
}