{
    "critical_value": 339.2604758306209,
    "infected_statistic": 4.114167916840329,
    "recovered_statistic": 3.988928216457954,
    "infected_validation": true,
    "recovered_validation": true
}