{
    "critical_value": 20.090235029663233,
    "daily_cases_statistic": 43.357622621666366,
    "infected_statistic": 169.32643272271312,
    "daily_death_statistic": 92.95103155211582,
    "daily_cases_validation": false,
    "infected_validation": false,
    "daily_death_validation": false
}