{
    "Infection_corr_index": 0.022134966959829853,
    "Infection_p-value": 0.7324393781769718,
    "Death_corr_index": -0.013827468133352004,
    "Death_p-value": 0.8308947238413047
}