{
    "critical_value": 20.090235029663233,
    "daily_cases_statistic": 58.92334782718558,
    "infected_statistic": 28.173325475261866,
    "daily_death_statistic": 185.9330164980069,
    "daily_cases_validation": false,
    "infected_validation": false,
    "daily_death_validation": false
}