{
    "critical_value": 20.090235029663233,
    "daily_cases_statistic": 54.0221733735697,
    "infected_statistic": 54.33850228273348,
    "daily_death_statistic": 220.81610724446978,
    "daily_cases_validation": false,
    "infected_validation": false,
    "daily_death_validation": false
}