{
    "critical_value": 339.2604758306209,
    "infected_statistic": 294.87266861836395,
    "recovered_statistic": 40.478285405410354,
    "infected_validation": true,
    "recovered_validation": true
}