{
    "critical_value": 20.090235029663233,
    "daily_cases_statistic": 215.21336332192956,
    "infected_statistic": 37.04532125910056,
    "daily_death_statistic": 70.13347109468353,
    "daily_cases_validation": false,
    "infected_validation": false,
    "daily_death_validation": false
}