{
    "critical_value": 20.090235029663233,
    "daily_cases_statistic": 130.00532720562612,
    "infected_statistic": 179.33100159654268,
    "daily_death_statistic": 93.83880966685251,
    "daily_cases_validation": false,
    "infected_validation": false,
    "daily_death_validation": false
}