{
    "critical_value": 296.4659101541689,
    "infected_statistic": 3054.986843387445,
    "recovered_statistic": 269.79248080634534,
    "infected_validation": false,
    "recovered_validation": true
}