{
    "Infection_corr_index": -0.008563429087707988,
    "Infection_p-value": 0.895887799103581,
    "Death_corr_index": 0.004398609985532034,
    "Death_p-value": 0.9464111236055432
}