{
    "critical_value": 20.090235029663233,
    "daily_cases_statistic": 41.88371761088549,
    "infected_statistic": 137.4165453649188,
    "daily_death_statistic": 188.19739327518909,
    "daily_cases_validation": false,
    "infected_validation": false,
    "daily_death_validation": false
}