{
    "Infection_corr_index": -0.03926645296833323,
    "Infection_p-value": 0.5440871884215104,
    "Death_corr_index": -0.014865108767060736,
    "Death_p-value": 0.8184170358282298
}