{
    "critical_value": 20.090235029663233,
    "daily_cases_statistic": 93.78586356660182,
    "infected_statistic": 138.50470499399404,
    "daily_death_statistic": 56.46190052932083,
    "daily_cases_validation": false,
    "infected_validation": false,
    "daily_death_validation": false
}