{
    "critical_value": 339.2604758306209,
    "infected_statistic": 3752.124588458204,
    "recovered_statistic": 394667.0682817971,
    "infected_validation": false,
    "recovered_validation": false
}