{
    "Infection_corr_index": 0.00989748272588873,
    "Infection_p-value": 0.8785125092340118,
    "Death_corr_index": 0.030691274473785786,
    "Death_p-value": 0.635434838427642
}