{
    "Infection_corr_index": 0.023208191433054786,
    "Infection_p-value": 0.7177581523472564,
    "Death_corr_index": -0.0038562121041378914,
    "Death_p-value": 0.9521151680461564
}