{
    "critical_value": 20.090235029663233,
    "daily_cases_statistic": 154.21328123566883,
    "infected_statistic": 66.3970815867406,
    "daily_death_statistic": 248.34130114071976,
    "daily_cases_validation": false,
    "infected_validation": false,
    "daily_death_validation": false
}