{
    "critical_value": 285.73393991823343,
    "infected_statistic": 2130.0620366049943,
    "recovered_statistic": 910.4972297926971,
    "infected_validation": false,
    "recovered_validation": false
}