{
    "Infection_corr_index": 0.05639966647889797,
    "Infection_p-value": 0.3803967860772165,
    "Death_corr_index": 0.014736156692060224,
    "Death_p-value": 0.8188560597642374
}