{
    "Infection_corr_index": -0.0011345938717388427,
    "Infection_p-value": 0.986137846550942,
    "Death_corr_index": 0.0018899985488953295,
    "Death_p-value": 0.9769105701546468
}