{
    "Infection_corr_index": -0.13479615999410394,
    "Infection_p-value": 0.03852393289169876,
    "Death_corr_index": 0.012823270428311884,
    "Death_p-value": 0.8446438858644955
}