{
    "critical_value": 20.090235029663233,
    "daily_cases_statistic": 14.903847679197533,
    "infected_statistic": 62.205308524607986,
    "daily_death_statistic": 17.901496400544126,
    "daily_cases_validation": false,
    "infected_validation": true,
    "daily_death_validation": true
}