{
    "Infection_corr_index": -0.04669870956485571,
    "Infection_p-value": 0.46685274257502285,
    "Death_corr_index": -0.0019133935795601724,
    "Death_p-value": 0.9762295805027479
}