{
    "critical_value": 20.090235029663233,
    "daily_cases_statistic": 8.556762943034574,
    "infected_statistic": 21.640605132544636,
    "daily_death_statistic": 227.7235880398671,
    "daily_cases_validation": false,
    "infected_validation": false,
    "daily_death_validation": true
}