{
    "critical_value": 20.090235029663233,
    "daily_cases_statistic": 102.84258115436505,
    "infected_statistic": 46.92858596539101,
    "daily_death_statistic": 85.72535208725569,
    "daily_cases_validation": false,
    "infected_validation": false,
    "daily_death_validation": false
}