{
    "critical_value": 20.090235029663233,
    "daily_cases_statistic": 35.98587988464557,
    "infected_statistic": 215.84204927570337,
    "daily_death_statistic": 25.627774453604154,
    "daily_cases_validation": false,
    "infected_validation": false,
    "daily_death_validation": false
}