{
    "critical_value": 258.83652502482875,
    "infected_statistic": 23823.47692260507,
    "recovered_statistic": 2832.4489092921285,
    "infected_validation": false,
    "recovered_validation": false
}