{
    "critical_value": 20.090235029663233,
    "daily_cases_statistic": 47.66395778079986,
    "infected_statistic": 22.304847089194645,
    "daily_death_statistic": 155.46796221648043,
    "daily_cases_validation": false,
    "infected_validation": false,
    "daily_death_validation": false
}