{
    "critical_value": 20.090235029663233,
    "daily_cases_statistic": 42.80552524406858,
    "infected_statistic": 38.87452073668929,
    "daily_death_statistic": 28.87320499916042,
    "daily_cases_validation": false,
    "infected_validation": false,
    "daily_death_validation": false
}