{
    "critical_value": 20.090235029663233,
    "daily_cases_statistic": 47.07542479224735,
    "infected_statistic": 34.22177392345102,
    "daily_death_statistic": 148.0048267541464,
    "daily_cases_validation": false,
    "infected_validation": false,
    "daily_death_validation": false
}