{
    "critical_value": 20.090235029663233,
    "daily_cases_statistic": 56.347061330333375,
    "infected_statistic": 127.48795610396395,
    "daily_death_statistic": 78.80472951543399,
    "daily_cases_validation": false,
    "infected_validation": false,
    "daily_death_validation": false
}