{
    "Infection_corr_index": -0.03471563946671261,
    "Infection_p-value": 0.5956681967038346,
    "Death_corr_index": -0.001030459442708306,
    "Death_p-value": 0.9874368925550686
}