{
    "critical_value": 20.090235029663233,
    "daily_cases_statistic": 35.80916468829394,
    "infected_statistic": 120.3340942413968,
    "daily_death_statistic": 21.18322018387031,
    "daily_cases_validation": false,
    "infected_validation": false,
    "daily_death_validation": false
}