{
    "critical_value": 20.090235029663233,
    "daily_cases_statistic": 10.21792485981129,
    "infected_statistic": 99.21431273406847,
    "daily_death_statistic": 143.05326185616522,
    "daily_cases_validation": false,
    "infected_validation": false,
    "daily_death_validation": true
}