{
    "critical_value": 339.2604758306209,
    "infected_statistic": 38.08058064808496,
    "recovered_statistic": 34.386508922638654,
    "infected_validation": true,
    "recovered_validation": true
}