{
    "Infection_corr_index": 0.0466765518083072,
    "Infection_p-value": 0.4661474319950736,
    "Death_corr_index": 0.06064722883124037,
    "Death_p-value": 0.3435154233876354
}