{
    "Infection_corr_index": 0.058997546134414595,
    "Infection_p-value": 0.36998773103651394,
    "Death_corr_index": 0.06327711552449627,
    "Death_p-value": 0.33622408214671895
}