{
    "Infection_corr_index": -0.0657023940436229,
    "Infection_p-value": 0.30872658223939764,
    "Death_corr_index": -0.07319803192001413,
    "Death_p-value": 0.25666003067734405
}