{
    "Infection_corr_index": 0.039812277788466986,
    "Infection_p-value": 0.5445215427062431,
    "Death_corr_index": 0.018585344334338515,
    "Death_p-value": 0.7773277918105549
}