{
    "Infection_corr_index": -0.014543237361055728,
    "Infection_p-value": 0.8211873915982453,
    "Death_corr_index": 0.024335649774782423,
    "Death_p-value": 0.7052530488888151
}