{
    "critical_value": 166.41529894906412,
    "infected_statistic": 187.84031916325165,
    "recovered_statistic": 13.202053717887612,
    "infected_validation": false,
    "recovered_validation": true
}