{
    "critical_value": 242.64654363275227,
    "infected_statistic": 20.17249731085531,
    "recovered_statistic": 2.243464228839901,
    "infected_validation": true,
    "recovered_validation": true
}