{
    "Infection_corr_index": 0.15385166141826773,
    "Infection_p-value": 0.018782437712102668,
    "Death_corr_index": 0.07874648433568952,
    "Death_p-value": 0.23114729824310887
}