{
    "Infection_corr_index": 0.025630531619080694,
    "Infection_p-value": 0.6909651389810241,
    "Death_corr_index": 0.012333093283047469,
    "Death_p-value": 0.8483141708216404
}