{
    "critical_value": 20.090235029663233,
    "daily_cases_statistic": 90.14247277269973,
    "infected_statistic": 149.75095040387376,
    "daily_death_statistic": 127.0991874038757,
    "daily_cases_validation": false,
    "infected_validation": false,
    "daily_death_validation": false
}