{
    "Infection_corr_index": 0.05976645364638479,
    "Infection_p-value": 0.3525683098503892,
    "Death_corr_index": 0.014082554677658407,
    "Death_p-value": 0.826760823717137
}