{
    "Infection_corr_index": 0.014150996602826347,
    "Infection_p-value": 0.8287941997497341,
    "Death_corr_index": -0.003844263869238148,
    "Death_p-value": 0.9531565278727878
}