{
    "Infection_corr_index": 0.03481265803607086,
    "Infection_p-value": 0.588395395833636,
    "Death_corr_index": 0.039765392811618096,
    "Death_p-value": 0.5364367853638117
}