{
    "Infection_corr_index": -0.013929887279682317,
    "Infection_p-value": 0.8303659911171933,
    "Death_corr_index": 0.04710747071443824,
    "Death_p-value": 0.46854513641851103
}