{
    "Infection_corr_index": 0.1227517340951478,
    "Infection_p-value": 0.05757488883426748,
    "Death_corr_index": 0.03598300718172002,
    "Death_p-value": 0.5790891446723917
}