{
    "critical_value": 20.090235029663233,
    "daily_cases_statistic": 11.606147864061743,
    "infected_statistic": 28.604420177241224,
    "daily_death_statistic": 216.38119148293566,
    "daily_cases_validation": false,
    "infected_validation": false,
    "daily_death_validation": true
}