{
    "Infection_corr_index": -0.033567922730983274,
    "Infection_p-value": 0.6018080284628877,
    "Death_corr_index": -0.03272782007785655,
    "Death_p-value": 0.6109372624778021
}