{
    "critical_value": 20.090235029663233,
    "daily_cases_statistic": 89.62238613342102,
    "infected_statistic": 64.37126086216293,
    "daily_death_statistic": 250.22629986292776,
    "daily_cases_validation": false,
    "infected_validation": false,
    "daily_death_validation": false
}