{
    "critical_value": 20.090235029663233,
    "daily_cases_statistic": 22.354685330455084,
    "infected_statistic": 55.71448928815496,
    "daily_death_statistic": 37.788808636070144,
    "daily_cases_validation": false,
    "infected_validation": false,
    "daily_death_validation": false
}