{
    "critical_value": 166.41529894906412,
    "infected_statistic": 18.375799952679294,
    "recovered_statistic": 13.040201018785734,
    "infected_validation": true,
    "recovered_validation": true
}