{
    "critical_value": 20.090235029663233,
    "daily_cases_statistic": 41.25362318146663,
    "infected_statistic": 138.8876941611058,
    "daily_death_statistic": 137.28116020756423,
    "daily_cases_validation": false,
    "infected_validation": false,
    "daily_death_validation": false
}