{
    "Infection_corr_index": -0.01218983863902569,
    "Infection_p-value": 0.851603758361587,
    "Death_corr_index": 0.013393354765902114,
    "Death_p-value": 0.8371471254296325
}