{
    "Infection_corr_index": 0.003957102903678797,
    "Infection_p-value": 0.9521974671843338,
    "Death_corr_index": 0.07563248821266311,
    "Death_p-value": 0.2512074075252569
}