{
    "Infection_corr_index": -0.019005037500993333,
    "Infection_p-value": 0.7677109279513511,
    "Death_corr_index": -0.023001058619415524,
    "Death_p-value": 0.7207247442870848
}