{
    "critical_value": 296.4659101541689,
    "infected_statistic": 9405.347348138908,
    "recovered_statistic": 4801.095081224604,
    "infected_validation": false,
    "recovered_validation": false
}