{
    "critical_value": 20.090235029663233,
    "daily_cases_statistic": 35.15176115431572,
    "infected_statistic": 14.192578189604756,
    "daily_death_statistic": 97.15487789452564,
    "daily_cases_validation": true,
    "infected_validation": false,
    "daily_death_validation": false
}