{
    "Infection_corr_index": 0.010125415891134743,
    "Infection_p-value": 0.8759957277386701,
    "Death_corr_index": 0.019245875881351796,
    "Death_p-value": 0.7667515424171552
}