{
    "Infection_corr_index": -0.13268921950510412,
    "Infection_p-value": 0.037158318690175864,
    "Death_corr_index": -0.12260715830569398,
    "Death_p-value": 0.054302591050469355
}