{
    "Infection_corr_index": 0.026845253962859864,
    "Infection_p-value": 0.678391979650883,
    "Death_corr_index": 0.02715565181821209,
    "Death_p-value": 0.6748838876190488
}