{
    "critical_value": 20.090235029663233,
    "daily_cases_statistic": 47.1688512980395,
    "infected_statistic": 247.25575706909166,
    "daily_death_statistic": 170.18723357840972,
    "daily_cases_validation": false,
    "infected_validation": false,
    "daily_death_validation": false
}