{
    "critical_value": 20.090235029663233,
    "daily_cases_statistic": 61.53606293265064,
    "infected_statistic": 409.35582447232196,
    "daily_death_statistic": 149.85804892781636,
    "daily_cases_validation": false,
    "infected_validation": false,
    "daily_death_validation": false
}