{
    "critical_value": 20.090235029663233,
    "daily_cases_statistic": 180.03961343600676,
    "infected_statistic": 148.4590889007537,
    "daily_death_statistic": 35.31094477206108,
    "daily_cases_validation": false,
    "infected_validation": false,
    "daily_death_validation": false
}