{
    "critical_value": 20.090235029663233,
    "daily_cases_statistic": 88.0335720086164,
    "infected_statistic": 36.20057804773019,
    "daily_death_statistic": 98.10924392139495,
    "daily_cases_validation": false,
    "infected_validation": false,
    "daily_death_validation": false
}