{
    "critical_value": 166.41529894906412,
    "infected_statistic": 4052.118939765576,
    "recovered_statistic": 693.0515511618275,
    "infected_validation": false,
    "recovered_validation": false
}