{
    "Infection_corr_index": 0.033332056720331904,
    "Infection_p-value": 0.6096526291170898,
    "Death_corr_index": 0.00473985741198681,
    "Death_p-value": 0.9421373273313763
}