{
    "Infection_corr_index": 0.003739886255939008,
    "Infection_p-value": 0.9537496998456612,
    "Death_corr_index": 0.033070315788553344,
    "Death_p-value": 0.6079531195597603
}