{
    "critical_value": 20.090235029663233,
    "daily_cases_statistic": 17.797811319970375,
    "infected_statistic": 74.9974163942618,
    "daily_death_statistic": 17.210930937202917,
    "daily_cases_validation": false,
    "infected_validation": true,
    "daily_death_validation": true
}