{
    "critical_value": 20.090235029663233,
    "daily_cases_statistic": 27.906869014760606,
    "infected_statistic": 109.47760056265673,
    "daily_death_statistic": 155.45370211184164,
    "daily_cases_validation": false,
    "infected_validation": false,
    "daily_death_validation": false
}