{
    "critical_value": 285.73393991823343,
    "infected_statistic": 324.3343004824634,
    "recovered_statistic": 14.671120009896413,
    "infected_validation": false,
    "recovered_validation": true
}