{
    "Infection_corr_index": 0.005240319388473381,
    "Infection_p-value": 0.9350947223846838,
    "Death_corr_index": 0.04745840252716133,
    "Death_p-value": 0.4605550911872127
}