{
    "critical_value": 20.090235029663233,
    "daily_cases_statistic": 12.020600519130241,
    "infected_statistic": 11.488856751863011,
    "daily_death_statistic": 119.03619799429589,
    "daily_cases_validation": true,
    "infected_validation": false,
    "daily_death_validation": true
}