{
    "Infection_corr_index": 0.10721061187466172,
    "Infection_p-value": 0.09893967575611594,
    "Death_corr_index": 0.02011102721313664,
    "Death_p-value": 0.757583535869349
}