{
    "critical_value": 20.090235029663233,
    "daily_cases_statistic": 112.73370026032728,
    "infected_statistic": 29.154347916355086,
    "daily_death_statistic": 248.46000511116793,
    "daily_cases_validation": false,
    "infected_validation": false,
    "daily_death_validation": false
}