{
    "critical_value": 20.090235029663233,
    "daily_cases_statistic": 40.626507624674325,
    "infected_statistic": 142.05590262398897,
    "daily_death_statistic": 140.15308952099758,
    "daily_cases_validation": false,
    "infected_validation": false,
    "daily_death_validation": false
}