{
    "Infection_corr_index": 0.025801385697243807,
    "Infection_p-value": 0.6883997190654614,
    "Death_corr_index": 0.0021907368128492068,
    "Death_p-value": 0.9728414903463957
}