{
    "Infection_corr_index": -0.0033299280586098884,
    "Infection_p-value": 0.9585589590128543,
    "Death_corr_index": 0.014481214358752112,
    "Death_p-value": 0.8212138607497321
}