{
    "critical_value": 20.090235029663233,
    "daily_cases_statistic": 190.07000497884877,
    "infected_statistic": 51.20778137308438,
    "daily_death_statistic": 208.63305357244755,
    "daily_cases_validation": false,
    "infected_validation": false,
    "daily_death_validation": false
}