{
    "Infection_corr_index": 0.01066575288174941,
    "Infection_p-value": 0.8713572979149782,
    "Death_corr_index": -0.007133563954293113,
    "Death_p-value": 0.9137538444727467
}