{
    "Infection_corr_index": 0.009361540542383024,
    "Infection_p-value": 0.8850442528149285,
    "Death_corr_index": -0.00674073247392691,
    "Death_p-value": 0.9170888560645527
}