{
    "critical_value": 307.1838004129604,
    "infected_statistic": 1393.8897712132039,
    "recovered_statistic": 196.20809200062035,
    "infected_validation": false,
    "recovered_validation": true
}