{
    "critical_value": 20.090235029663233,
    "daily_cases_statistic": 111.37798224950674,
    "infected_statistic": 48.99600606512469,
    "daily_death_statistic": 117.01224476769602,
    "daily_cases_validation": false,
    "infected_validation": false,
    "daily_death_validation": false
}