{
    "critical_value": 339.2604758306209,
    "infected_statistic": 71.03852134693324,
    "recovered_statistic": 82.86942842074141,
    "infected_validation": true,
    "recovered_validation": true
}