{
    "Infection_corr_index": 0.006005232863384607,
    "Infection_p-value": 0.9271975706770056,
    "Death_corr_index": 0.0,
    "Death_p-value": 1.0
}