{
    "critical_value": 166.41529894906412,
    "infected_statistic": 13.946828215237074,
    "recovered_statistic": 0.3728416694639233,
    "infected_validation": true,
    "recovered_validation": true
}