{
    "critical_value": 166.41529894906412,
    "infected_statistic": 21.992297677986574,
    "recovered_statistic": 3.5338745764387944,
    "infected_validation": true,
    "recovered_validation": true
}