{
    "Infection_corr_index": 0.027539922450124717,
    "Infection_p-value": 0.671201412783387,
    "Death_corr_index": 0.004721608044796538,
    "Death_p-value": 0.9419928419902825
}