{
    "critical_value": 204.6902010717095,
    "infected_statistic": 763.0156325254076,
    "recovered_statistic": 8.640142939972833,
    "infected_validation": false,
    "recovered_validation": true
}