{
    "critical_value": 20.090235029663233,
    "daily_cases_statistic": 92.37165489485719,
    "infected_statistic": 44.5901533230748,
    "daily_death_statistic": 187.82414948812453,
    "daily_cases_validation": false,
    "infected_validation": false,
    "daily_death_validation": false
}