{
    "Infection_corr_index": 0.037855335634685315,
    "Infection_p-value": 0.5578406465395567,
    "Death_corr_index": 0.02152946264462685,
    "Death_p-value": 0.7389649121768392
}