{
    "Infection_corr_index": 0.010777922103954585,
    "Infection_p-value": 0.8680751499739507,
    "Death_corr_index": -0.028631641352745287,
    "Death_p-value": 0.658971057638086
}