{
    "critical_value": 285.73393991823343,
    "infected_statistic": 7408.0875668605795,
    "recovered_statistic": 285.96097621476974,
    "infected_validation": false,
    "recovered_validation": false
}