{
    "Infection_corr_index": -0.007814853782614256,
    "Infection_p-value": 0.9035364082804636,
    "Death_corr_index": -0.0022861959667134246,
    "Death_p-value": 0.9717172839003104
}