{
    "Infection_corr_index": -0.01109387948029865,
    "Infection_p-value": 0.865381561064308,
    "Death_corr_index": -0.0024123421344797967,
    "Death_p-value": 0.9705947287911483
}