{
    "critical_value": 20.090235029663233,
    "daily_cases_statistic": 63.484920875156114,
    "infected_statistic": 31.566548636408605,
    "daily_death_statistic": 46.75807550914368,
    "daily_cases_validation": false,
    "infected_validation": false,
    "daily_death_validation": false
}