{
    "Infection_corr_index": 0.014108659120565017,
    "Infection_p-value": 0.825739091552558,
    "Death_corr_index": 0.03612200022999776,
    "Death_p-value": 0.5728562741977209
}