{
    "critical_value": 20.090235029663233,
    "daily_cases_statistic": 211.9908200231497,
    "infected_statistic": 393.79282710108885,
    "daily_death_statistic": 45.97129981710937,
    "daily_cases_validation": false,
    "infected_validation": false,
    "daily_death_validation": false
}