{
    "critical_value": 296.4659101541689,
    "infected_statistic": 427933.52140186797,
    "recovered_statistic": 13.291059941186761,
    "infected_validation": false,
    "recovered_validation": true
}