{
    "Infection_corr_index": 0.05128778346574025,
    "Infection_p-value": 0.428020970031449,
    "Death_corr_index": -0.00827956244191532,
    "Death_p-value": 0.8982539881195187
}