{
    "critical_value": 20.090235029663233,
    "daily_cases_statistic": 202.6629901476247,
    "infected_statistic": 103.25992635175584,
    "daily_death_statistic": 37.590391724491084,
    "daily_cases_validation": false,
    "infected_validation": false,
    "daily_death_validation": false
}