{
    "critical_value": 20.090235029663233,
    "daily_cases_statistic": 76.96468226410963,
    "infected_statistic": 52.735781186939064,
    "daily_death_statistic": 143.40801746387163,
    "daily_cases_validation": false,
    "infected_validation": false,
    "daily_death_validation": false
}