{
    "Infection_corr_index": -0.013106796193272742,
    "Infection_p-value": 0.8409187942736067,
    "Death_corr_index": 0.018366287835973417,
    "Death_p-value": 0.7785000736288208
}