{
    "critical_value": 20.090235029663233,
    "daily_cases_statistic": 16.480759830567152,
    "infected_statistic": 33.659771956384354,
    "daily_death_statistic": 55.579553135925565,
    "daily_cases_validation": false,
    "infected_validation": false,
    "daily_death_validation": true
}