{
    "Infection_corr_index": 0.023511746955910108,
    "Infection_p-value": 0.7187762282287095,
    "Death_corr_index": -0.016350053307471288,
    "Death_p-value": 0.8022843588429573
}