{
    "Infection_corr_index": 0.05080254506753052,
    "Infection_p-value": 0.4304866757089002,
    "Death_corr_index": 0.06949771171500314,
    "Death_p-value": 0.2805514953865608
}