{
    "Infection_corr_index": 0.0880107974136004,
    "Infection_p-value": 0.17324980923125338,
    "Death_corr_index": 0.01841232659304122,
    "Death_p-value": 0.776123642477468
}