{
    "critical_value": 20.090235029663233,
    "daily_cases_statistic": 25.191995913762547,
    "infected_statistic": 70.06863154163136,
    "daily_death_statistic": 22.969234176775227,
    "daily_cases_validation": false,
    "infected_validation": false,
    "daily_death_validation": false
}