{
    "critical_value": 20.090235029663233,
    "daily_cases_statistic": 86.62546115183727,
    "infected_statistic": 33.226971915522356,
    "daily_death_statistic": 271.4347398653585,
    "daily_cases_validation": false,
    "infected_validation": false,
    "daily_death_validation": false
}