{
    "critical_value": 339.2604758306209,
    "infected_statistic": 665.3758303203338,
    "recovered_statistic": 660.6583092374601,
    "infected_validation": false,
    "recovered_validation": false
}