{
    "Infection_corr_index": 0.11848591812555945,
    "Infection_p-value": 0.06462845743119054,
    "Death_corr_index": 0.009481084922850654,
    "Death_p-value": 0.8828620100587061
}