{
    "Infection_corr_index": 0.07962505715030678,
    "Infection_p-value": 0.2259680374354762,
    "Death_corr_index": 0.06706065289925611,
    "Death_p-value": 0.3080704854944749
}