{
    "critical_value": 20.090235029663233,
    "daily_cases_statistic": 89.4149748269671,
    "infected_statistic": 48.62927461023588,
    "daily_death_statistic": 192.50169154748394,
    "daily_cases_validation": false,
    "infected_validation": false,
    "daily_death_validation": false
}