{
    "Infection_corr_index": -0.03462925598096082,
    "Infection_p-value": 0.5911333358349404,
    "Death_corr_index": 0.0,
    "Death_p-value": 1.0
}