{
    "critical_value": 20.090235029663233,
    "daily_cases_statistic": 80.98399545722394,
    "infected_statistic": 162.28218160510625,
    "daily_death_statistic": 209.9653225730535,
    "daily_cases_validation": false,
    "infected_validation": false,
    "daily_death_validation": false
}