{
    "Infection_corr_index": 0.0588920410234506,
    "Infection_p-value": 0.36267097999787323,
    "Death_corr_index": 0.04821124348912489,
    "Death_p-value": 0.4562826888817787
}