{
    "critical_value": 20.090235029663233,
    "daily_cases_statistic": 44.6818469039762,
    "infected_statistic": 13.268504207639397,
    "daily_death_statistic": 179.5238277777917,
    "daily_cases_validation": true,
    "infected_validation": false,
    "daily_death_validation": false
}