{
    "critical_value": 20.090235029663233,
    "daily_cases_statistic": 22.604382000068902,
    "infected_statistic": 37.634306953249336,
    "daily_death_statistic": 45.46141300049214,
    "daily_cases_validation": false,
    "infected_validation": false,
    "daily_death_validation": false
}